{
    "('t0_f0_speed', 0.07266315797189558)": 0.06539174612926607,
    "('t0_f0_accuracy', 0.06526576711716002)": 0.06993220632317623,
    "('t0_f0_energy', 0.062082939899891255)": 0.06808650455904583,
    "('t0_f0_strength', 0.061829228973356534)": 0.07767255467256876,
    "('t0_f0_toughness', 0.06180974698756375)": 0.06614428018566111,
    "('t0_f0_energy t0_f0_wandOfFlames', 0.023842330223428233)": -0.0016143519154570296,
    "('t0_f0_strength t0_f0_frillySkirt', 0.020794771751837065)": -0.0027606095242374007,
    "('t0_f0_speed t0_f0_frillySkirt', 0.018424887553798504)": -0.0019902500061425785,
    "('t0_f0_strength t0_f0_battleAxe', 0.01736660326058733)": -0.0021483764638913286,
    "('t0_f0_accuracy t0_f0_laserBlaster', 0.0167786764428276)": -0.001945498934847468,
    "('t0_f0_accuracy t0_f0_frillySkirt', 0.012653528777557998)": 0.005135403149622391,
    "('t0_f0_strength t0_f0_diamondSword', 0.010826453917133792)": 0.020316180452464125,
    "('t0_f0_energy t0_f0_frillySkirt', 0.009882528736575111)": 0.005880782957957368,
    "('t0_f0_toughness t0_f0_zapHelmet', 0.009658733826675155)": 0.0029806835228786224,
    "('t0_f0_energy t0_f0_sportsJersey', 0.007941804912957276)": 0.012448079940657787,
    "('t0_f0_toughness t0_f0_devilHorns', 0.006977162624913745)": 0.002343843600092963,
    "('t0_f0_toughness t0_f0_cornDog', 0.005979658235475986)": 0.022299271558193032,
    "('t0_f0_speed t0_f0_battleAxe', 0.0053495171552261495)": 0.00831676775036337,
    "('t0_f0_toughness t0_f0_wandOfFlames', 0.005336154529862584)": 0.005616160059911274,
    "('t0_f0_strength t0_f0_shield', 0.005304555824680375)": 0.005985414393090098,
    "('t0_f0_accuracy t0_f0_bow', 0.005099276047007167)": 0.006914271064107488,
    "('t0_f0_accuracy t0_f0_sportsJersey', 0.004890769362588402)": 0.0063360039806737295,
    "('t0_f0_strength t0_f0_rollerBlades', 0.004845545708883539)": 0.005163137821188182,
    "('t0_f0_toughness t0_f0_rollerBlades', 0.004791434205729859)": -0.0020464778777550823,
    "('t0_f0_speed t0_f0_diamondSword', 0.0046516984842048)": -0.002302724074423416,
    "('t0_f0_strength t0_f0_cornDog', 0.004648788205180514)": -0.0022794239606244784,
    "('t0_f0_toughness t0_f0_sportsJersey', 0.004549505020770423)": -0.002466741074258743,
    "('t0_f0_strength t0_f0_sportsJersey', 0.0044643821233645116)": -0.001494363770254728,
    "('t0_f0_speed t0_f0_flamingoFloaty', 0.0040980437881021955)": 0.001357076503405552,
    "('t0_f0_toughness t0_f0_diamondSword', 0.003685871483965696)": 0.0032548712248475073,
    "('t0_f0_speed t0_f0_extraDamageOnHit', 0.003620969024349404)": 0.014272912543801398,
    "('t0_f0_toughness t0_f0_frillySkirt', 0.003298756294005135)": 0.004040109435236479,
    "('t0_f0_toughness t0_f0_laserBlaster', 0.0030363551486877736)": 0.003932362377928223,
    "('t0_f0_speed t0_f0_fullSuitOfArmor', 0.003010010096265315)": 0.013600630464939142,
    "('t0_f0_strength t0_f0_accuracy', -0.0027861230174827784)": 0.00438431053207679,
    "('t0_f0_energy t0_f0_speed', -0.0027073078004673057)": 0.01937114594591408,
    "('t0_f0_strength t0_f0_powerfulFists', 0.002689770373351432)": 0.0014281791675920161,
    "('t0_f0_strength t0_f0_jellyhat', 0.002643139620185565)": 0.005528735684871785,
    "('t0_f0_accuracy t0_f0_flamingoFloaty', 0.0025596110032846896)": 0.005183791355433926,
    "('t0_f0_accuracy t0_f0_zapHelmet', 0.002542342220323545)": -0.0020822084230516878,
    "('t0_f0_toughness t0_f0_battleAxe', 0.0025081624823901764)": -0.0027003763284873666,
    "('t0_f0_energy t0_f0_toughness', -0.0024983326627279223)": -0.0024973853764816895,
    "('t0_f0_accuracy t0_f0_toughness', -0.0024664889494349015)": -0.001821337552689324,
    "('t0_f0_strength t0_f0_fullSuitOfArmor', 0.0024422487698415197)": 0.0012729987591671077,
    "('t0_f0_energy t0_f0_devilHorns', 0.0024250334730732156)": 0.00498869673039662,
    "('t0_f0_accuracy t0_f0_energy', -0.0023064042894661084)": 0.002523449519546609,
    "('t0_f0_accuracy t0_f0_speed', -0.002303307145237927)": 0.010678672719800743,
    "('t0_f0_speed t0_f0_rollerBlades', 0.00215455247796862)": 0.003321021150890436,
    "('t0_f0_strength t0_f0_speed', -0.0021529992598974296)": 0.0008929512165394386,
    "('t0_f0_speed t0_f0_toughness', -0.0021493267490185933)": 0.0033767257091439212,
    "('t0_f0_accuracy t0_f0_cornDog', 0.0021325228367884835)": 0.008666991559077861,
    "('t0_f0_speed t0_f0_cornDog', 0.002075993272254033)": 0.0264720651618333,
    "('t0_f0_strength t0_f0_energy', -0.0019927262039439934)": 0.003977096788205964,
    "('t0_f0_speed t0_f0_shield', 0.001982422009013544)": -0.00237410891572631,
    "('t0_f0_strength t0_f0_toughness', -0.001953635694090094)": -0.0021525174906471944,
    "('t0_f0_energy t0_f0_shield', 0.0019406106551746753)": 0.004691269184524738,
    "('t0_f0_accuracy t0_f0_jellyhat', 0.0018593153570323352)": 0.007679823729633646,
    "('t0_f0_energy t0_f0_laserBlaster', 0.0017751388496328375)": 0.0030867531098045333,
    "('t0_f0_toughness t0_f0_vikingHelmet', 0.0016417145319166794)": 0.006065384014499679,
    "('t0_f0_speed t0_f0_vikingHelmet', 0.0015211407184040587)": 0.006042898691653276,
    "('t0_f0_strength t0_f0_shiv', 0.0015107989385900555)": 0.01989138145960396,
    "('t0_f0_toughness t0_f0_jellyhat', 0.0014651838239438722)": 0.008655596453972472,
    "('t0_f0_speed^2', -0.001411862269528449)": 0.003285461403304469,
    "('t0_f0_energy t0_f0_zapHelmet', 0.0013234462498135995)": 0.003466081304575366,
    "('t0_f0_energy^2', -0.0011229179804555995)": 0.0009178590526396132,
    "('t0_f0_toughness t0_f0_extraDamageOnHit', 0.0011070999354804018)": 0.00545811202604679,
    "('t0_f0_accuracy^2', -0.001100868968638165)": -0.0013661629598303044,
    "('t0_f0_energy t0_f0_diamondSword', 0.0010934536225881576)": 0.0021328788462166236,
    "('t0_f0_accuracy t0_f0_rollerBlades', 0.0008246011738188815)": 0.005509268230994561,
    "('t0_f0_accuracy t0_f0_extraDamageOnHit', 0.000676860605769909)": 0.007159753860914117,
    "('t0_f0_strength^2', -0.0006710418476389124)": 0.010274450737352402,
    "('t0_f0_strength t0_f0_flamingoFloaty', 0.0005053273116871227)": 0.0053318340755494605,
    "('t0_f0_toughness^2', -0.0004023285768826019)": 0.003941441562988595,
    "('t0_f0_energy t0_f0_cornDog', 0.00033038341291772737)": 0.004710251863615069,
    "('t0_f0_toughness t0_f0_shield', 0.0002993662287030767)": 0.004896337318369404,
    "('t0_f0_speed t0_f0_sportsJersey', 0.00029157169184046883)": 0.005308542750004069,
    "('t0_f0_energy t0_f0_rollerBlades', 7.03998206374786e-05)": 0.0019141323615117613,
    "('t0_f0_energy t0_f0_noAbilities', -6.362204680745847e-05)": 0.0051903963794945685,
    "('t0_f0_accuracy t0_f0_battleAxe', 5.580067675217293e-05)": 0.0060311210021725065,
    "('t0_f0_accuracy t0_f0_noAbilities', -1.2801053522106607e-05)": 0.008290989838058826,
    "('t0_f0_strength t0_f0_devilHorns', 1.2527820270879944e-05)": 0.013091503707528592
}